STATE,COUNTY,MONTH,DAY,HOUR,MINUTE,VE_TOTAL,PERSONS,PEDS,NHS,ROAD_FNC,ROUTE,SP_JUR,HARM_EV,MAN_COLL,REL_JUNC,REL_ROAD,TRAF_FLO,NO_LANES,SP_LIMIT,ALIGNMNT,PROFILE,PAVE_TYP,SUR_COND,TRA_CONT,T_CONT_F,HIT_RUN,LGT_COND,WEATHER1,WEATHER2,C_M_ZONE,NOT_HOUR,NOT_MIN,ARR_HOUR,ARR_MIN,HOSP_HR,HOSP_MN,SCH_BUS,CF1,CF2,CF3,FATALS,DAY_WEEK,DRUNK_DR,ST_CASE,CITY,MILEPT,YEAR,TWAY_ID,TWAY_ID2,RAIL,VE_FORMS,WEATHER,latitude,longitud
4,13,4,20,16,38,2,2,0,0,13,6,0,12,4,2,1,5,6,45,1,1,2,1,2,3,0,1,1,0,0,99,99,99,99,99,99,0,0,0,0,1,6,0,40846,370,0,2007,CAVE CREEK RD,SHARON DR,0000000,2,1,33.61134444,-112.0357194
5,95,4,20,17,50,1,1,0,1,1,1,0,25,0,1,2,2,2,70,1,3,1,1,0,0,0,1,1,0,0,0,0,0,0,0,0,0,0,0,0,1,6,0,50161,0,2161,2007,I-40-43,99999999999999999999,0000000,1,1,34.91231944,-91.17118333
8,13,4,20,17,0,1,2,0,0,2,2,0,27,0,1,4,1,2,55,1,2,2,1,0,0,0,1,1,0,0,17,0,17,9,99,99,0,0,0,0,1,6,2,80145,0,279,2007,US-36,99999999999999999999,0000000,1,1,40.13083611,-105.2823056
9,9,4,20,23,28,1,1,0,0,14,6,0,30,0,1,4,1,2,40,2,1,2,1,0,0,0,3,1,0,0,23,28,99,99,0,0,0,0,0,0,1,6,1,90055,267,13,2007,SHERMAN AVENUE#1,99999999999999999999,0000000,1,1,41.40601667,-72.91409167
9,9,4,20,23,18,4,10,0,1,12,3,0,12,9,15,1,3,2,55,2,2,2,1,0,0,0,2,1,0,0,23,18,23,23,0,50,0,20,0,0,1,6,5,90093,10,158,2007,SR-8,99999999999999999999,0000000,4,1,41.36963333,-73.08628333
12,99,4,20,22,12,1,1,0,0,12,6,0,1,0,1,1,1,2,30,1,1,2,1,0,0,0,2,1,0,0,22,14,22,22,99,99,0,0,0,0,1,6,0,120600,330,99999,2007,35TH AVE,SR-807,0000000,1,1,26.49290556,-80.08608333
12,9,4,20,20,30,1,2,1,0,13,2,0,9,0,2,1,2,2,55,1,1,2,1,20,3,0,2,1,0,0,20,31,20,39,99,99,0,0,0,0,1,6,1,120604,0,99999,2007,us-1,ANSIN RD,0000000,1,1,28.27373056,-80.69268056
12,97,4,20,23,45,1,1,0,0,6,4,0,53,0,1,2,1,2,55,1,1,2,1,0,0,0,2,1,0,0,0,1,0,1,99,99,0,0,0,0,1,6,0,121346,0,99999,2007,OLD MELBOURNE HWY,US-192,0000000,1,1,,
12,11,4,20,18,0,1,1,0,0,12,6,0,33,0,1,3,2,3,45,1,1,2,1,0,0,0,1,1,0,0,18,1,18,6,99,99,0,0,0,0,1,6,0,121993,1420,99999,2007,SHERIDAN ST,77TH AVE,0000000,1,1,26.03115556,-80.24238889
13,215,4,20,22,54,2,2,0,0,13,6,0,12,5,2,1,1,4,35,1,1,2,1,20,3,0,3,1,0,0,22,54,22,58,23,30,0,0,0,0,1,6,1,130366,1280,11,2007,ST MARYS RD,FORD DR,0000000,2,1,32.44568056,-84.92571944
13,313,4,20,17,50,1,4,0,0,3,3,0,34,0,1,6,1,2,55,1,1,2,1,0,0,0,1,1,0,0,17,50,18,7,18,43,0,0,0,0,1,6,0,130367,0,46,2007,SR-286,99999999999999999999,0000000,1,1,34.82943333,-84.85750833
13,121,4,20,23,47,2,2,0,0,15,4,0,12,8,1,1,1,2,45,1,1,2,1,0,0,0,2,1,0,0,0,0,0,0,0,0,0,0,0,0,1,6,0,130548,0,27,2007,CO RD 485 / ENON RD,99999999999999999999,0000000,2,1,33.66861944,-84.57760833
17,111,4,20,19,40,2,2,0,1,13,3,0,12,5,2,1,4,2,55,1,1,2,1,28,3,0,5,1,0,0,19,40,19,99,99,99,0,0,0,0,1,6,0,170307,9997,440,2007,SR-31,HALF MILE,0000000,2,1,42.27224722,-88.28683889
17,77,4,20,23,50,2,3,1,0,3,3,0,8,0,1,1,1,2,55,1,2,2,1,0,0,2,2,1,0,0,23,50,23,99,99,99,0,0,0,0,1,6,1,170325,0,156,2007,SR-4,99999999999999999999,0000000,2,1,37.94135833,-89.55991389
17,93,4,20,23,50,1,2,0,0,2,3,0,34,0,1,4,1,2,55,1,3,2,1,0,0,0,2,1,0,0,23,53,23,99,99,99,0,0,0,0,1,6,2,170326,0,581,2007,SR-71,99999999999999999999,0000000,1,1,41.60388889,-88.49023056
17,141,4,20,18,25,2,2,0,1,2,2,0,12,5,4,1,1,2,55,1,2,2,1,0,0,0,5,1,0,0,0,0,0,0,0,0,0,0,0,0,1,6,0,170362,0,424,2007,US-52,99999999999999999999,0000000,2,1,41.91666944,-89.56167222
18,59,4,20,23,14,1,3,0,0,16,4,0,42,0,1,6,1,2,45,1,1,2,1,0,0,0,2,1,0,0,23,16,23,20,99,99,0,0,0,0,1,6,0,180199,3510,0,2007,cr-100,cr-600,0000000,1,1,39.77211389,-85.68863056
19,195,4,20,21,24,1,1,0,1,2,2,0,35,0,1,4,1,2,55,1,1,2,1,0,0,0,2,1,0,0,21,30,21,44,22,15,0,0,0,0,1,6,1,190180,0,80,2007,US-65,99999999999999999999,0000000,1,1,43.37871944,-93.21066111
20,103,4,20,21,19,4,4,0,0,14,6,0,12,8,1,1,1,2,35,1,2,2,1,0,0,0,3,1,0,0,21,22,21,27,99,99,0,0,0,0,1,6,1,200097,3020,0,2007,SHRINE PARK RD,MCDONALD RD,0000000,4,1,39.28253056,-94.91844722
20,173,4,20,22,40,1,1,0,1,2,3,0,1,0,1,4,2,2,65,2,2,2,1,28,3,0,2,6,0,0,22,42,22,48,23,7,0,0,0,0,1,6,0,200106,0,2240,2007,SR-96,US-54,0000000,1,6,37.67940000,-97.15600278
21,135,4,20,19,20,1,1,0,0,6,4,0,42,0,1,4,1,2,55,1,3,4,1,0,0,0,1,1,0,0,19,22,19,58,0,0,0,0,0,0,1,6,1,210218,0,0,2007,Mulligan Hollow rd,00,0000000,1,1,38.48068056,-83.56920000
22,33,4,20,22,22,1,1,0,0,16,4,0,1,0,1,4,1,2,45,2,1,2,1,0,0,0,2,1,0,0,22,26,22,35,0,0,0,0,0,0,1,6,0,220198,2490,0,2007,WJ WICKER ROAD,99999999999999999999,0000000,1,1,30.67128889,-91.10550000
22,79,4,20,20,30,1,3,0,0,5,3,0,34,0,1,5,1,2,55,2,2,2,1,40,3,0,2,1,0,0,20,37,20,46,21,17,0,0,0,0,1,6,0,220256,0,121,2007,SR-488,99999999999999999999,0000000,1,1,31.23840000,-92.56920000
24,3,4,20,22,59,1,5,2,1,13,3,0,8,0,2,1,3,3,50,2,1,2,1,0,0,0,2,1,0,0,99,99,99,99,99,99,0,0,0,0,1,6,0,240109,0,0,2007,SR-3,CROFTON STATION,0000000,1,1,39.02246111,-76.69380556
24,5,4,20,20,56,3,4,0,0,13,3,0,12,2,2,1,1,2,40,1,2,2,1,3,3,0,3,1,0,0,99,99,99,99,99,99,0,0,0,0,1,6,1,240134,0,56,2007,SR-45,CO-809,0000000,3,1,39.43352222,-76.62296944
25,27,4,20,23,51,1,5,0,0,16,8,0,42,0,1,5,1,2,30,1,1,2,1,0,0,0,3,1,0,0,23,51,23,53,99,99,0,0,0,0,4,6,0,250140,585,0,2007,RIVER ST,99999999999999999999,0000000,1,1,42.21033889,-71.92826389
26,125,4,20,22,16,3,3,1,1,11,1,0,14,1,1,2,2,4,65,2,9,1,1,0,0,0,3,1,0,0,99,99,22,20,99,99,0,0,0,0,1,6,1,260253,4340,32,2007,I-696,99999999999999999999,0000000,1,1,42.47521944,-83.14027500
26,163,4,20,21,7,2,6,0,0,13,4,0,12,4,1,1,5,4,45,1,1,2,1,0,0,0,3,1,0,0,21,9,21,11,99,99,0,0,0,0,1,6,0,260517,4815,69,2007,VANBORN,99999999999999999999,0000000,2,1,42.26861944,-83.29207222
28,71,4,20,18,47,2,5,0,0,4,3,0,12,3,2,1,1,2,55,1,1,2,1,20,3,0,1,1,0,0,18,59,19,8,19,23,0,0,0,0,2,6,1,280188,0,99999,2007,SR-30,CO RD 217,0000000,2,1,34.38600278,-89.47251944
28,45,4,20,17,7,1,2,1,0,4,4,0,9,0,1,1,1,2,35,1,2,2,1,0,0,0,1,1,0,0,17,27,18,0,99,99,0,0,0,0,1,6,0,280189,0,0,2007,LEETOWN RD.,99999999999999999999,0000000,1,1,30.55932500,-89.51915556
29,95,4,20,19,35,1,2,0,0,15,6,0,27,0,1,4,1,2,35,1,1,2,1,20,3,0,1,1,0,0,99,99,99,99,99,99,0,0,0,0,1,6,2,290229,3280,52,2007,GRANDVIEWRD,99999999999999999999,0000000,1,1,38.90876389,-94.53348889
29,189,4,20,23,56,2,4,0,0,14,4,0,12,1,2,1,5,2,30,1,1,2,1,3,3,1,2,1,0,0,23,59,0,3,99,99,0,0,0,0,1,6,1,290268,5035,28,2007,MARINE,MCKELVEY,0000000,2,1,38.70322500,-90.45766944
34,7,4,20,20,51,2,4,0,1,13,2,0,12,1,4,1,1,4,50,1,1,2,1,0,0,0,1,1,0,0,99,99,99,99,99,99,0,0,0,0,1,6,1,340115,3521,0,2007,US-30,99999999999999999999,0000000,2,1,39.77125833,-74.90026389
36,71,4,20,20,45,2,2,0,0,16,6,0,12,2,1,1,1,1,30,1,1,2,1,0,0,0,3,1,0,0,99,99,99,99,99,99,0,0,0,0,2,6,0,360196,3730,0,2007,INDUSTRIAL PL,HIGHLAND AVE.,0000000,2,1,41.46098333,-74.40933611
36,47,4,20,17,30,3,2,0,0,16,6,0,14,1,2,4,9,9,99,1,1,9,1,3,3,0,1,1,0,0,99,99,99,99,99,99,0,0,0,0,1,6,0,360396,4170,0,2007,AVE K,E 18TH ST,0000000,1,1,40.62311667,-73.95808333
36,5,4,20,21,40,2,3,0,1,1,1,0,12,1,1,1,3,9,99,1,1,2,1,0,0,0,3,1,0,0,99,99,99,99,99,99,0,0,0,0,1,6,0,360399,4170,0,2007,I-95,99999999999999999999,0000000,2,1,40.83318333,-73.86006389
39,95,4,20,22,35,2,2,0,0,14,6,0,12,5,2,1,1,2,35,1,1,2,1,0,0,0,3,1,0,0,22,37,22,41,0,0,0,0,0,0,1,6,1,390284,8120,0,2007,JACKMAN RD,GOULD ST,0000000,2,1,41.70125278,-83.58291111
39,49,4,20,19,0,1,2,1,0,16,6,0,8,0,1,99,1,2,35,1,1,2,1,0,0,2,1,1,0,0,19,35,19,53,20,6,0,0,0,0,1,6,0,390290,1800,0,2007,JOHN-GLENN-AVE,99999999999999999999,0000000,1,1,39.82677778,-82.93611389
39,133,4,20,23,45,1,3,0,0,4,4,0,37,0,1,4,1,2,45,1,2,2,1,0,0,0,2,1,0,0,23,47,23,52,0,26,0,0,0,0,1,6,0,390291,0,0,2007,164,99999999999999999999,0000000,1,1,41.25335556,-81.25043889
40,27,4,20,17,30,2,2,0,0,15,6,0,12,4,2,1,1,2,35,1,2,2,1,0,0,0,1,1,0,0,17,36,17,49,18,8,0,0,0,0,1,6,0,400156,3220,0,2007,SW 34,MACKENZIE,0000000,2,1,35.30538056,-97.47678889
42,129,4,20,19,30,1,1,0,0,15,3,0,53,0,1,4,1,2,35,2,1,2,1,0,0,0,1,1,0,0,99,99,99,99,99,99,0,0,0,0,1,6,1,420299,0,16,2007,SR-2013,99999999999999999999,0000000,1,1,40.29323889,-79.50368611
42,111,4,20,22,41,1,1,0,0,4,3,0,42,0,1,4,1,2,55,2,1,2,1,0,0,0,2,1,0,0,99,99,99,99,99,99,0,0,0,0,1,6,0,420315,0,85,2007,SR-601,99999999999999999999,0000000,1,1,40.11698056,-79.04068333
42,83,4,20,21,20,1,2,0,0,4,3,0,1,0,1,2,1,2,55,2,1,2,1,0,0,0,2,1,0,0,21,21,21,28,99,99,0,0,0,0,1,6,1,420350,0,42,2007,SR-246,99999999999999999999,0000000,1,1,41.93477222,-78.51206667
42,101,4,20,20,40,3,1,0,0,16,6,0,14,7,1,4,4,1,25,1,1,2,1,0,0,0,3,1,0,0,99,99,99,99,99,99,0,0,0,0,1,6,0,420352,6540,0,2007,STILES ST,99999999999999999999,0000000,1,1,39.97550278,-75.18577222
48,113,4,20,21,16,1,1,0,0,16,5,0,33,0,1,4,1,4,35,1,1,1,1,0,0,0,3,1,0,0,0,0,0,0,0,0,0,20,0,0,1,6,0,480737,2800,0,2007,WARRIORTRAIL,99999999999999999999,0000000,1,1,,
48,441,4,20,19,43,2,2,0,1,13,3,0,12,5,8,1,5,4,50,1,1,2,1,0,0,0,1,1,0,0,19,46,19,49,19,55,0,0,0,0,1,6,0,480740,30,29,2007,SR-351,99999999999999999999,0000000,2,1,32.47886389,-99.69663611
48,203,4,20,23,0,1,1,0,0,5,8,0,42,0,1,4,1,2,55,1,2,2,1,0,0,0,2,1,0,0,0,0,0,0,0,0,0,0,0,0,1,6,1,480855,0,176,2007,FM449,99999999999999999999,0000000,1,1,32.54986389,-94.41843333
48,409,4,20,20,48,1,2,1,0,14,3,0,8,0,1,1,5,4,45,1,1,2,1,0,0,0,2,1,0,0,20,50,20,53,21,26,0,0,0,0,1,6,0,480973,240,17,2007,SR-35,99999999999999999999,0000000,1,1,27.92378611,-97.16075833
48,201,4,20,23,10,1,1,0,0,6,4,0,42,0,1,5,1,2,30,2,1,1,1,0,0,0,3,1,0,0,0,0,0,0,0,0,0,0,0,0,1,6,1,481046,0,0,2007,CHETLANDPLACE,99999999999999999999,0000000,1,1,29.89667222,-95.63248611
48,201,4,20,18,50,1,1,0,0,16,5,0,33,0,3,4,1,2,30,2,1,1,1,0,0,0,2,1,0,0,18,56,19,1,99,99,0,0,0,0,1,6,0,481112,3280,0,2007,SANDROCK,BOTANY,0000000,1,1,29.63435556,-95.34350278
49,41,4,20,23,25,1,1,0,0,6,5,0,34,0,1,6,1,2,50,1,1,2,1,0,0,0,2,1,0,0,23,26,23,35,0,3,0,0,0,0,1,6,0,490064,50,0,2007,SEVIER RIVER RD,99999999999999999999,0000000,1,1,38.70401944,-112.0902806
51,105,4,20,19,15,3,6,0,0,3,2,0,12,1,2,1,1,2,55,2,2,2,1,0,0,0,1,1,0,0,99,99,99,99,99,99,0,0,0,0,1,6,0,510232,0,8,2007,US-421,RT-746,0000000,3,1,36.76466111,-83.11063611
51,133,4,20,21,15,3,4,0,0,3,3,0,12,2,1,1,1,2,55,1,1,2,1,0,0,0,1,1,0,0,99,99,99,99,99,99,0,14,0,0,1,6,0,510233,0,113,2007,SR-200,99999999999999999999,0000000,3,1,37.77673056,-76.36880833
53,61,4,20,22,29,1,2,0,0,16,4,0,42,0,1,6,1,2,35,2,2,2,1,0,0,0,2,1,0,0,22,29,22,35,23,44,0,0,0,0,1,6,2,530140,0,11,2007,164TH ST SE,99999999999999999999,0000000,1,1,47.84842222,-122.1419000
54,11,4,20,17,47,2,3,0,0,6,6,0,12,2,2,1,1,2,25,1,1,2,1,20,3,0,1,1,0,0,99,99,99,99,99,99,0,0,0,0,1,6,0,540170,1270,0,2007,12TH STREET,9TH AVENUE,0000000,2,1,38.39145833,-82.43367222