STATE,COUNTY,MONTH,DAY,HOUR,MINUTE,VE_TOTAL,PERSONS,PEDS,NHS,ROAD_FNC,ROUTE,SP_JUR,HARM_EV,MAN_COLL,REL_JUNC,REL_ROAD,TRAF_FLO,NO_LANES,SP_LIMIT,ALIGNMNT,PROFILE,PAVE_TYP,SUR_COND,TRA_CONT,T_CONT_F,HIT_RUN,LGT_COND,WEATHER1,WEATHER2,C_M_ZONE,NOT_HOUR,NOT_MIN,ARR_HOUR,ARR_MIN,HOSP_HR,HOSP_MN,SCH_BUS,CF1,CF2,CF3,FATALS,DAY_WEEK,DRUNK_DR,ST_CASE,CITY,MILEPT,YEAR,TWAY_ID,TWAY_ID2,RAIL,VE_FORMS,WEATHER,latitude,longitud
6,13,4,20,20,40,2,2,0,1,12,3,0,12,1,1,1,3,4,65,2,1,2,1,0,0,0,2,1,0,0,99,99,99,99,99,99,0,0,0,0,1,6,0,60902,0,37,2007,SR-24,99999999999999999999,0000000,2,1,37.89250278,-122.1666611
6,71,4,20,22,49,1,5,2,1,12,3,0,8,0,1,1,2,2,50,1,1,2,1,0,0,0,3,1,0,0,99,99,99,99,99,99,0,0,0,0,1,6,1,60903,2960,21,2007,SR-38,99999999999999999999,0000000,1,1,34.07006389,-117.1549917
6,73,4,20,23,59,2,5,0,0,4,3,0,12,4,1,1,1,2,40,2,1,2,2,0,0,0,2,2,0,0,99,99,99,99,99,99,0,0,0,0,2,6,1,60904,0,164,2007,SR-76,99999999999999999999,0000000,2,2,33.32236667,-117.1706111